<?xml version="1.0" encoding="UTF-8"?>
<!DOCTYPE configuration PUBLIC "-//mybatis.org//DTD Config 3.0//EN" "http://mybatis.org/dtd/mybatis-3-config.dtd">

<configuration>
	<typeAliases>
		<typeAlias type="rt.koko.domain.DocumentDO" alias="DocumentDO"/>
		<typeAlias type="rt.koko.domain.SearchDO" alias="SearchDO"/>
	</typeAliases>
	
	<environments default="development">
		<environment id="development">
			<transactionManager type="JDBC"/>
			<dataSource type="JNDI">
				<property name="data_source" value="java:comp/env/jdbc/oracle"/>
				<property name="url" value="jdbc:oracle:thin:@localhost:1521:XE"/>
				<property name="username" value="academy"/>
				<property name="password" value="1234"/>
			</dataSource>
		</environment>		
	</environments>
	
	<mappers>
		<mapper resource="rt/koko/persistence/Document.xml"/>
	</mappers>
	
</configuration>
